UID,iso2,iso3,code3,FIPS,Admin2,Province_State,Country_Region,Lat,Long_,Combined_Key,1/22/20,1/23/20,1/24/20,1/25/20,1/26/20,1/27/20,1/28/20,1/29/20,1/30/20,1/31/20,02/01/2020,02/02/2020,02/03/2020,02/04/2020,02/05/2020,02/06/2020,02/07/2020,02/08/2020,02/09/2020,02/10/2020,02/11/2020,02/12/2020,2/13/20,2/14/20,2/15/20,2/16/20,2/17/20,2/18/20,2/19/20,2/20/20,2/21/20,2/22/20,2/23/20,2/24/20,2/25/20,2/26/20,2/27/20,2/28/20,2/29/20,03/01/2020,03/02/2020,03/03/2020,03/04/2020,03/05/2020,03/06/2020,03/07/2020,03/08/2020,03/09/2020,03/10/2020,03/11/2020,03/12/2020,3/13/20,3/14/20,3/15/20,3/16/20,3/17/20,3/18/20,3/19/20,3/20/20,3/21/20,3/22/20,3/23/20,3/24/20,3/25/20,3/26/20,3/27/20,3/28/20,3/29/20,3/30/20,3/31/20,04/01/2020,04/02/2020,04/03/2020,04/04/2020,04/05/2020,04/06/2020,04/07/2020,04/08/2020,04/09/2020,04/10/2020,04/11/2020,04/12/2020,4/13/20,4/14/20,4/15/20,4/16/20,4/17/20,4/18/20,4/19/20,4/20/20,4/21/20,4/22/20,4/23/20,4/24/20,4/25/20,4/26/20,4/27/20,4/28/20,4/29/20,4/30/20,05/01/2020,05/02/2020,05/03/2020,05/04/2020,05/05/2020,05/06/2020,05/07/2020,05/08/2020,05/09/2020,05/10/2020,05/11/2020,05/12/2020,5/13/20,5/14/20,5/15/20,5/16/20,5/17/20,5/18/20,5/19/20,5/20/20,5/21/20,5/22/20,5/23/20,5/24/20,5/25/20,5/26/20
,,,,,Australian Capital Territory,Australia,,-354,735,1,490,124,,0,0,0,0,0,0,0,0,0,0,0,0,0,0,0,0,0,0,0,0,0,0,0,0,0,0,0,0,0,0,0,0,0,0,0,0,0,0,0,0,0,0,0,0,0,0,0,0,0,0,0,1,1,1,2,2,3,4,6,9,19,32,39,39,53,62,71,77,78,80,84,87,91,93,96,96,96,99,100,103,103,103,102,103,103,103,103,103,103,104,104,104,104,105,106,106,106,106,106,106,106,106,106,107,107,107,107,107,107,107,107,107,107,107,107,107,107,107,107,107,107,107,107,107,107,107
,,,,,New South Wales,Australia,,-338,688,1,512,093,,0,0,0,0,3,4,4,4,4,4,4,4,4,4,4,4,4,4,4,4,4,4,4,4,4,4,4,4,4,4,4,4,4,4,4,4,4,4,4,6,6,13,22,22,26,28,38,48,55,65,65,92,112,134,171,210,267,307,353,436,669,669,818,1029,1219,1405,1617,1791,2032,2032,2182,2298,2389,2493,2580,2637,2686,2734,2773,2822,2857,2857,2863,2870,2886,2897,2926,2936,2957,2963,2969,2971,2976,2982,2994,3002,3004,3016,3016,3025,3030,3035,3033,3035,3042,3044,3047,3051,3053,3053,3053,3059,3063,3071,3074,3075,3076,3078,3081,3082,3084,3086,3087,3090,3092,3089
,,,,,Northern Territory,Australia,,-124,634,1,308,456,,0,0,0,0,0,0,0,0,0,0,0,0,0,0,0,0,0,0,0,0,0,0,0,0,0,0,0,0,0,0,0,0,0,0,0,0,0,0,0,0,0,0,1,1,0,0,0,0,1,1,1,1,1,1,1,1,1,1,3,3,5,5,6,6,12,12,15,15,15,17,19,21,22,26,27,28,28,28,28,28,28,28,28,28,28,28,28,28,28,28,28,28,28,28,28,28,28,28,28,28,27,29,29,29,29,29,29,29,29,29,29,29,29,29,29,29,29,29,29,29,29,29,29,29,29,29
,,,,,Queensland,Australia,,-280,167,153.4,,0,0,0,0,0,0,0,1,3,2,3,2,2,3,3,4,5,5,5,5,5,5,5,5,5,5,5,5,5,5,5,5,5,5,5,5,5,5,9,9,9,11,11,13,13,13,15,15,18,20,20,35,46,61,68,78,94,144,184,221,259,319,397,443,493,555,625,656,689,743,781,835,873,900,907,921,934,943,953,965,974,983,987,998,999,1001,1007,1015,1019,1019,1024,1024,1026,1026,1026,1030,1033,1034,1033,1033,1034,1035,1038,1043,1043,1045,1045,1045,1045,1045,1051,1052,1051,1054,1055,1055,1057,1057,1058,1058,1058,1060,1061,1056,1057,1058
,,,,,South Australia,Australia,,-349,285,1,386,007,,0,0,0,0,0,0,0,0,0,0,1,2,2,2,2,2,2,2,2,2,2,2,2,2,2,2,2,2,2,2,2,2,2,2,2,2,2,2,3,3,3,3,5,5,7,7,7,7,7,9,9,16,19,20,29,29,37,42,50,67,100,134,170,170,235,257,287,299,305,337,367,367,396,407,407,411,411,415,420,428,429,429,429,433,433,433,435,435,435,435,437,438,438,438,438,438,438,438,438,438,438,438,438,438,438,438,439,439,439,439,439,439,439,439,439,439,439,439,439,439,439,439,439,439,439,440
,,,,,Tasmania,Australia,,-414,545,1,459,707,,0,0,0,0,0,0,0,0,0,0,0,0,0,0,0,0,0,0,0,0,0,0,0,0,0,0,0,0,0,0,0,0,0,0,0,0,0,0,0,0,1,1,1,1,1,1,2,2,2,3,3,5,5,6,7,7,10,10,10,16,22,28,28,36,47,47,62,66,66,69,69,72,74,80,82,86,89,98,111,122,133,133,144,165,165,169,180,188,195,200,201,205,207,207,207,212,214,218,219,221,221,221,221,221,225,226,227,227,227,227,227,227,227,227,228,228,228,228,228,228,228,228,228,228,228,228
,,,,,Victoria,Australia,,-378,136,1,449,631,,0,0,0,0,1,1,1,1,2,3,4,4,4,4,4,4,4,4,4,4,4,4,4,4,4,4,4,4,4,4,4,4,4,4,4,4,4,4,7,7,9,9,10,10,10,11,11,15,18,21,21,36,49,57,71,94,121,121,121,229,355,355,411,466,520,574,685,769,821,917,968,1036,1085,1115,1135,1158,1191,1212,1228,1241,1265,1268,1281,1291,1299,1299,1302,1319,1328,1329,1336,1336,1337,1343,1346,1349,1349,1354,1361,1364,1371,1384,1406,1423,1440,1454,1467,1468,1487,1496,1511,1514,1521,1540,1551,1558,1564,1573,1573,1581,1593,1593,1603,1605,1610,1618
,,,,,Western Australia,Australia,,-319,505,1,158,605,,0,0,0,0,0,0,0,0,0,0,0,0,0,0,0,0,0,0,0,0,0,0,0,0,0,0,0,0,0,0,0,0,0,0,0,0,0,0,2,2,2,2,2,3,3,3,3,4,6,9,9,14,17,17,28,31,35,52,64,90,120,140,175,175,231,231,278,311,355,364,392,400,400,436,453,460,460,481,495,506,514,514,517,527,527,532,541,544,545,545,546,546,546,548,549,549,549,550,551,551,551,551,551,551,551,551,552,552,552,552,553,553,552,552,552,553,554,557,557,557,557,557,560,560,564,570
,,,,,,Austria,,475,162,145,501,,0,0,0,0,0,0,0,0,0,0,0,0,0,0,0,0,0,0,0,0,0,0,0,0,0,0,0,0,0,0,0,0,0,0,2,2,3,3,9,14,18,21,29,41,55,79,104,131,182,246,302,504,655,860,1018,1332,1646,2013,2388,2814,3582,4474,5283,5588,6909,7657,8271,8788,9618,10180,10711,11129,11524,11781,12051,12297,12639,12942,13244,13555,13806,13945,14041,14226,14336,14476,14595,14671,14749,14795,14873,14925,15002,15071,15148,15225,15274,15357,15402,15452,15531,15558,15597,15621,15650,15684,15752,15774,15833,15871,15882,15961,15997,16058,16109,16201,16242,16269,16321,16353,16404,16436,16486,16503,16539,16557
,,,,,,Bangladesh,,23,685,903,563,,0,0,0,0,0,0,0,0,0,0,0,0,0,0,0,0,0,0,0,0,0,0,0,0,0,0,0,0,0,0,0,0,0,0,0,0,0,0,0,0,0,0,0,0,0,0,3,3,3,3,3,3,3,5,8,10,14,17,20,25,27,33,39,39,44,48,48,48,49,51,54,56,61,70,88,123,164,218,330,424,482,621,803,1012,1231,1572,1838,2144,2456,2948,3382,3772,4186,4689,4998,5416,5913,6462,7103,7667,8238,8790,9455,10143,10929,11719,12425,13134,13770,14657,15691,16660,17822,18863,20065,20995,22268,23870,25121,26738,28511,30205,32078,33610,35585,36751
,,,,,,Belgium,,508,333,4.0,,0,0,0,0,0,0,0,0,0,0,0,0,0,1,1,1,1,1,1,1,1,1,1,1,1,1,1,1,1,1,1,1,1,1,1,1,1,1,1,2,8,13,23,50,109,169,200,239,267,314,314,559,689,886,1058,1243,1486,1795,2257,2815,3401,3743,4269,4937,6235,7284,9134,10836,11899,12775,13964,15348,16770,18431,19691,20814,22194,23403,24983,26667,28018,29647,30589,31119,33573,34809,36138,37183,38496,39983,40956,41889,42797,44293,45325,46134,46687,47334,47859,48519,49032,49517,49906,50267,50509,50781,51420,52011,52596,53081,53449,53779,53981,54288,54644,54989,55280,55559,55791,55983,56235,56511,56810,57092,57342,57455
,,,,,,Bosnia and Herzegovina,,439,159,176,791,,0,0,0,0,0,0,0,0,0,0,0,0,0,0,0,0,0,0,0,0,0,0,0,0,0,0,0,0,0,0,0,0,0,0,0,0,0,0,0,0,0,0,0,2,2,3,3,3,5,7,11,13,18,24,25,26,38,63,89,93,126,136,166,176,191,237,258,323,368,420,459,533,579,624,654,674,764,804,858,901,946,1009,1037,1083,1110,1167,1214,1268,1285,1309,1342,1368,1413,1421,1486,1516,1565,1585,1677,1757,1781,1839,1857,1926,1946,1987,2027,2070,2090,2117,2141,2158,2181,2218,2236,2267,2290,2304,2321,2338,2350,2372,2391,2401,2406,2416
,,,,,,Brazil,,-14,235,-519,253,,0,0,0,0,0,0,0,0,0,0,0,0,0,0,0,0,0,0,0,0,0,0,0,0,0,0,0,0,0,0,0,0,0,0,0,1,1,1,2,2,2,2,4,4,13,13,20,25,31,38,52,151,151,162,200,321,372,621,793,1021,1546,1924,2247,2554,2985,3417,3904,4256,4579,5717,6836,8044,9056,10360,11130,12161,14034,16170,18092,19638,20727,22192,23430,25262,28320,30425,33682,36658,38654,40743,43079,45757,50036,54043,59324,63100,67446,73235,79685,87187,92202,97100,101826,108620,115455,126611,135773,146894,156061,162699,169594,178214,190137,203165,220291,233511,241080,255368,271885,291579,310087,330890,347398,363211,374898,391222
,,,,,,Bulgaria,,427,339,254,858,,0,0,0,0,0,0,0,0,0,0,0,0,0,0,0,0,0,0,0,0,0,0,0,0,0,0,0,0,0,0,0,0,0,0,0,0,0,0,0,0,0,0,0,0,0,0,4,4,4,7,7,23,41,51,52,67,92,94,127,163,187,201,218,242,264,293,331,346,359,399,422,457,485,503,531,549,577,593,618,635,661,675,685,713,747,800,846,878,894,929,975,1024,1097,1234,1247,1300,1363,1399,1447,1506,1555,1594,1618,1652,1704,1778,1829,1872,1921,1965,1990,2023,2069,2100,2138,2175,2211,2235,2259,2292,2331,2372,2408,2427,2433,2443
,,,,,Anhui,China,,318,257,1,172,264,,1,9,15,39,60,70,106,152,200,237,297,340,408,480,530,591,665,733,779,830,860,889,910,934,950,962,973,982,986,987,988,989,989,989,989,989,989,990,990,990,990,990,990,990,990,990,990,990,990,990,990,990,990,990,990,990,990,990,990,990,990,990,990,990,990,990,990,990,990,990,990,990,990,990,990,990,990,990,991,991,991,991,991,991,991,991,991,991,991,991,991,991,991,991,991,991,991,991,991,991,991,991,991,991,991,991,991,991,991,991,991,991,991,991,991,991,991,991,991,991,991,991,991,991,991,991
,,,,,Beijing,China,,401,824,1,164,142,,14,22,36,41,68,80,91,111,114,139,168,191,212,228,253,274,297,315,326,337,342,352,366,372,375,380,381,387,393,395,396,399,399,399,400,400,410,410,411,413,414,414,418,418,422,426,428,428,429,435,435,436,437,442,452,456,469,480,491,504,522,537,558,561,566,569,573,577,577,580,580,582,584,585,586,587,587,588,588,588,589,589,589,589,590,593,593,593,593,593,593,593,593,593,593,593,593,593,593,593,593,593,593,593,593,593,593,593,593,593,593,593,593,593,593,593,593,593,593,593,593,593,593,593,593,593
,,,,,Chongqing,China,,300,572,107,874,,6,9,27,57,75,110,132,147,182,211,247,300,337,366,389,411,426,428,468,486,505,518,529,537,544,551,553,555,560,567,572,573,575,576,576,576,576,576,576,576,576,576,576,576,576,576,576,576,576,576,576,576,576,576,576,576,576,576,576,576,577,578,578,578,578,578,578,579,579,579,579,579,579,579,579,579,579,579,579,579,579,579,579,579,579,579,579,579,579,579,579,579,579,579,579,579,579,579,579,579,579,579,579,579,579,579,579,579,579,579,579,579,579,579,579,579,579,579,579,579,579,579,579,579,579,579
,,,,,Fujian,China,,260,789,1,179,874,,1,5,10,18,35,59,80,84,101,120,144,159,179,194,205,215,224,239,250,261,267,272,279,281,285,287,290,292,293,293,293,293,293,293,294,294,296,296,296,296,296,296,296,296,296,296,296,296,296,296,296,296,296,296,296,296,296,296,299,303,313,313,318,322,328,331,337,338,340,343,345,345,349,350,350,350,351,351,351,351,351,352,352,353,353,353,354,355,355,355,355,355,355,355,355,355,355,355,355,356,356,356,356,356,356,356,356,356,356,356,356,356,356,356,356,356,356,356,356,356,356,356,356,356,357,357
,,,,,Gansu,China,,378,099,1,010,583,,0,2,2,4,7,14,19,24,26,29,40,51,55,57,62,62,67,79,83,83,86,87,90,90,90,90,91,91,91,91,91,91,91,91,91,91,91,91,91,91,91,91,91,102,119,120,124,124,125,127,127,127,129,133,133,133,133,134,134,134,136,136,136,136,136,136,136,138,138,138,138,138,138,138,138,139,139,139,139,139,139,139,139,139,139,139,139,139,139,139,139,139,139,139,139,139,139,139,139,139,139,139,139,139,139,139,139,139,139,139,139,139,139,139,139,139,139,139,139,139,139,139,139,139,139,139
,,,,,Guangdong,China,,233,417,1,134,244,,26,32,53,78,111,151,207,277,354,436,535,632,725,813,895,970,1034,1095,1131,1159,1177,1219,1241,1261,1294,1316,1322,1328,1331,1332,1333,1339,1342,1345,1347,1347,1347,1348,1349,1349,1350,1350,1350,1351,1352,1352,1352,1352,1353,1356,1356,1356,1356,1360,1361,1364,1370,1378,1395,1400,1413,1415,1428,1433,1448,1456,1467,1475,1484,1494,1501,1507,1514,1516,1524,1532,1533,1536,1539,1544,1548,1552,1555,1564,1566,1571,1577,1579,1580,1581,1582,1582,1585,1585,1586,1587,1587,1588,1588,1588,1588,1588,1588,1588,1588,1589,1589,1589,1589,1589,1589,1589,1589,1589,1589,1590,1590,1590,1590,1590,1590,1591,1592,1592,1592,1592
,,,,,Guangxi,China,,238,298,1,087,881,,2,5,23,23,36,46,51,58,78,87,100,111,127,139,150,168,172,183,195,210,215,222,222,226,235,237,238,242,244,245,246,249,249,251,252,252,252,252,252,252,252,252,252,252,252,252,252,252,252,252,252,252,252,252,252,253,253,253,254,254,254,254,254,254,254,254,254,254,254,254,254,254,254,254,254,254,254,254,254,254,254,254,254,254,254,254,254,254,254,254,254,254,254,254,254,254,254,254,254,254,254,254,254,254,254,254,254,254,254,254,254,254,254,254,254,254,254,254,254,254,254,254,254,254,254,254
,,,,,Guizhou,China,,268,154,1,068,748,,1,3,3,4,5,7,9,9,12,29,29,38,46,58,64,71,81,89,99,109,127,133,135,140,143,144,146,146,146,146,146,146,146,146,146,146,146,146,146,146,146,146,146,146,146,146,146,146,146,146,146,146,146,146,146,147,146,146,146,146,146,146,146,146,146,146,146,146,146,146,146,146,146,146,146,146,146,146,146,146,146,146,146,146,146,146,146,146,147,147,147,147,147,147,147,147,147,147,147,147,147,147,147,147,147,147,147,147,147,147,147,147,147,147,147,147,147,147,147,147,147,147,147,147,147,147
,,,,,Hainan,China,,191,959,1,097,453,,4,5,8,19,22,33,40,43,46,52,62,64,72,80,99,106,117,124,131,138,144,157,157,159,162,162,163,163,168,168,168,168,168,168,168,168,168,168,168,168,168,168,168,168,168,168,168,168,168,168,168,168,168,168,168,168,168,168,168,168,168,168,168,168,168,168,168,168,168,168,168,168,168,168,168,168,168,168,168,168,168,168,168,168,168,168,168,168,168,168,168,168,168,168,168,168,168,168,168,168,168,168,168,168,168,168,168,168,168,168,168,168,168,168,169,169,169,169,169,169,169,169,169,169,169,169
,,,,,Hebei,China,,39,549,1,161,306,,1,1,2,8,13,18,33,48,65,82,96,104,113,126,135,157,172,195,206,218,239,251,265,283,291,300,301,306,306,307,308,309,311,311,311,312,317,318,318,318,318,318,318,318,318,318,318,318,318,318,318,318,318,318,318,318,318,318,318,318,319,319,319,319,319,319,319,319,321,321,323,325,326,326,327,327,327,327,327,327,327,327,327,327,327,328,328,328,328,328,328,328,328,328,328,328,328,328,328,328,328,328,328,328,328,328,328,328,328,328,328,328,328,328,328,328,328,328,328,328,328,328,328,328,328,328
,,,,,Heilongjiang,China,,47,861,999,999,999,900,1,277,615,,0,2,4,9,15,21,33,38,44,59,80,95,121,155,190,227,277,295,307,331,360,378,395,419,425,445,457,464,470,476,479,479,480,480,480,480,480,480,480,480,480,480,480,481,481,481,481,481,481,482,482,482,482,482,482,482,482,483,484,484,484,484,484,484,484,484,484,484,484,484,484,488,489,491,504,524,544,569,609,638,661,684,740,819,841,861,872,892,898,905,913,921,928,930,935,936,939,939,939,944,944,944,944,944,944,944,944,944,944,945,945,945,945,945,945,945,945,945,945,945,945,945,945,945,945,945
,,,,,Henan,China,,33,882,11,361,399,999,999,900,,5,5,9,32,83,128,168,206,278,352,422,493,566,675,764,851,914,981,1033,1073,1105,1135,1169,1184,1212,1231,1246,1257,1262,1265,1267,1270,1271,1271,1271,1271,1272,1272,1272,1272,1272,1272,1272,1272,1272,1272,1272,1272,1272,1273,1273,1273,1273,1273,1273,1273,1273,1273,1273,1273,1274,1274,1274,1274,1275,1275,1275,1276,1276,1276,1276,1276,1276,1276,1276,1276,1276,1276,1276,1276,1276,1276,1276,1276,1276,1276,1276,1276,1276,1276,1276,1276,1276,1276,1276,1276,1276,1276,1276,1276,1276,1276,1276,1276,1276,1276,1276,1276,1276,1276,1276,1276,1276,1276,1276,1276,1276,1276,1276,1276,1276,1276,1276,1276,1276,1276
,,,,,Hong Kong,China,,22.3,114.2,,0,2,2,5,8,8,8,10,10,12,13,15,15,17,21,24,25,26,29,38,49,50,53,56,56,57,60,62,63,68,68,69,74,79,84,91,92,94,95,96,100,100,105,105,107,108,114,115,120,126,129,134,140,145,155,162,181,208,256,273,317,356,386,410,453,519,561,641,682,714,765,802,845,862,890,914,935,960,973,989,1000,1004,1009,1012,1017,1017,1021,1024,1025,1025,1029,1033,1035,1035,1037,1037,1037,1037,1037,1037,1039,1039,1039,1040,1040,1040,1044,1044,1044,1047,1047,1047,1050,1051,1052,1052,1055,1055,1055,1055,1055,1065,1065,1065,1065,1065
,,,,,Hubei,China,,309,756,1,122,707,,444,444,549,761,1058,1423,3554,3554,4903,5806,7153,11177,13522,16678,19665,22112,24953,27100,29631,31728,33366,33366,48206,54406,56249,58182,59989,61682,62031,62442,62662,64084,64084,64287,64786,65187,65596,65914,66337,66907,67103,67217,67332,67466,67592,67666,67707,67743,67760,67773,67781,67786,67790,67794,67798,67799,67800,67800,67800,67800,67800,67800,67801,67801,67801,67801,67801,67801,67801,67801,67802,67802,67802,67803,67803,67803,67803,67803,67803,67803,67803,67803,67803,67803,67803,67803,68128,68128,68128,68128,68128,68128,68128,68128,68128,68128,68128,68128,68128,68128,68128,68128,68128,68128,68128,68128,68128,68128,68129,68134,68134,68134,68134,68134,68134,68134,68134,68135,68135,68135,68135,68135,68135,68135,68135,68135
,,,,,Hunan,China,,276,104,1,117,088,,4,9,24,43,69,100,143,221,277,332,389,463,521,593,661,711,772,803,838,879,912,946,968,988,1001,1004,1006,1007,1008,1010,1011,1013,1016,1016,1016,1016,1017,1017,1018,1018,1018,1018,1018,1018,1018,1018,1018,1018,1018,1018,1018,1018,1018,1018,1018,1018,1018,1018,1018,1018,1018,1018,1018,1018,1018,1018,1018,1018,1018,1018,1018,1019,1019,1019,1019,1019,1019,1019,1019,1019,1019,1019,1019,1019,1019,1019,1019,1019,1019,1019,1019,1019,1019,1019,1019,1019,1019,1019,1019,1019,1019,1019,1019,1019,1019,1019,1019,1019,1019,1019,1019,1019,1019,1019,1019,1019,1019,1019,1019,1019,1019,1019,1019,1019,1019,1019
,,,,,Inner Mongolia,China,,440,935,1,139,448,,0,0,1,7,7,11,15,16,19,20,23,27,34,35,42,46,50,52,54,58,58,60,61,65,68,70,72,73,75,75,75,75,75,75,75,75,75,75,75,75,75,75,75,75,75,75,75,75,75,75,75,75,75,75,75,75,75,75,75,75,75,75,75,77,89,92,94,95,97,107,111,117,117,117,117,118,121,124,126,128,155,189,190,190,190,193,193,193,193,194,194,194,194,197,198,198,199,199,200,201,201,201,201,201,201,201,201,201,201,208,209,209,209,209,209,209,213,216,216,216,216,217,217,227,232,232
,,,,,Jiangsu,China,,329,711,119,455,,1,5,9,18,33,47,70,99,129,168,202,236,271,308,341,373,408,439,468,492,515,543,570,593,604,617,626,629,631,631,631,631,631,631,631,631,631,631,631,631,631,631,631,631,631,631,631,631,631,631,631,631,631,631,631,631,631,631,631,631,633,633,636,638,640,641,641,644,645,646,646,647,651,651,651,651,651,651,651,651,652,653,653,653,653,653,653,653,653,653,653,653,653,653,653,653,653,653,653,653,653,653,653,653,653,653,653,653,653,653,653,653,653,653,653,653,653,653,653,653,653,653,653,653,653,653
,,,,,Jiangxi,China,,27,614,1,157,221,,2,7,18,18,36,72,109,109,162,240,286,333,391,476,548,600,661,698,740,771,804,844,872,900,913,925,930,933,934,934,934,934,934,934,934,934,934,935,935,935,935,935,935,935,935,935,935,935,935,935,935,935,935,935,935,935,935,935,935,935,936,936,936,936,936,936,936,937,937,937,937,937,937,937,937,937,937,937,937,937,937,937,937,937,937,937,937,937,937,937,937,937,937,937,937,937,937,937,937,937,937,937,937,937,937,937,937,937,937,937,937,937,937,937,937,937,937,937,937,937,937,937,937,937,937,937
,,,,,Jilin,China,,436,661,1,261,923,,0,1,3,4,4,6,8,9,14,14,17,23,31,42,54,59,65,69,78,80,81,83,84,86,88,89,89,89,90,91,91,91,91,93,93,93,93,93,93,93,93,93,93,93,93,93,93,93,93,93,93,93,93,93,93,93,93,93,93,93,93,93,93,94,95,95,97,98,98,98,98,98,98,98,98,98,98,98,98,98,98,99,100,100,102,102,102,102,104,104,106,106,108,109,109,110,110,110,111,111,112,112,112,112,112,112,113,113,124,127,127,133,134,138,140,144,146,151,151,151,151,154,155,155,155,155
,,,,,Liaoning,China,,412,956,1,226,085,,2,3,4,17,21,27,34,39,41,48,64,70,74,81,89,94,99,105,107,108,111,116,117,119,119,121,121,121,121,121,121,121,121,121,121,121,121,121,121,122,122,125,125,125,125,125,125,125,125,125,125,125,125,125,125,125,125,125,126,126,127,127,127,127,128,128,132,134,136,139,140,141,141,141,142,142,144,144,144,144,145,145,145,145,145,145,146,146,146,146,146,146,146,146,146,146,146,146,146,146,146,146,146,146,146,146,146,146,146,147,147,147,149,149,149,149,149,149,149,149,149,149,149,149,149,149
,,,,,Macau,China,,221,667,113.55,,1,2,2,2,5,6,7,7,7,7,7,8,8,10,10,10,10,10,10,10,10,10,10,10,10,10,10,10,10,10,10,10,10,10,10,10,10,10,10,10,10,10,10,10,10,10,10,10,10,10,10,10,10,10,11,12,15,17,17,18,24,24,25,30,31,33,37,37,38,41,41,41,43,43,44,44,44,45,45,45,45,45,45,45,45,45,45,45,45,45,45,45,45,45,45,45,45,45,45,45,45,45,45,45,45,45,45,45,45,45,45,45,45,45,45,45,45,45,45,45,45,45,45,45,45,45
,,,,,Ningxia,China,,372,692,1,061,655,,1,1,2,3,4,7,11,12,17,21,26,28,31,34,34,40,43,45,45,49,53,58,64,67,70,70,70,70,71,71,71,71,71,71,71,71,72,72,73,73,74,74,75,75,75,75,75,75,75,75,75,75,75,75,75,75,75,75,75,75,75,75,75,75,75,75,75,75,75,75,75,75,75,75,75,75,75,75,75,75,75,75,75,75,75,75,75,75,75,75,75,75,75,75,75,75,75,75,75,75,75,75,75,75,75,75,75,75,75,75,75,75,75,75,75,75,75,75,75,75,75,75,75,75,75,75
,,,,,Qinghai,China,,357,452,959,956,,0,0,0,1,1,6,6,6,8,8,9,11,13,15,17,18,18,18,18,18,18,18,18,18,18,18,18,18,18,18,18,18,18,18,18,18,18,18,18,18,18,18,18,18,18,18,18,18,18,18,18,18,18,18,18,18,18,18,18,18,18,18,18,18,18,18,18,18,18,18,18,18,18,18,18,18,18,18,18,18,18,18,18,18,18,18,18,18,18,18,18,18,18,18,18,18,18,18,18,18,18,18,18,18,18,18,18,18,18,18,18,18,18,18,18,18,18,18,18,18,18,18,18,18,18,18
,,,,,Shaanxi,China,,351,917,1,088,701,,0,3,5,15,22,35,46,56,63,87,101,116,128,142,165,173,184,195,208,213,219,225,229,230,232,236,240,240,242,245,245,245,245,245,245,245,245,245,245,245,245,245,245,245,245,245,245,245,245,245,245,245,245,245,245,246,246,246,247,248,248,248,249,250,253,253,253,253,253,253,255,255,255,256,256,256,256,256,256,256,256,256,256,256,256,256,256,256,256,256,277,279,279,286,286,286,286,306,306,306,306,306,306,306,308,308,308,308,308,308,308,308,308,308,308,308,308,308,308,308,308,308,308,308,308,308
,,,,,Shandong,China,,363,427,1,181,498,,2,6,15,27,46,75,95,130,158,184,206,230,259,275,307,347,386,416,444,466,487,497,509,523,532,537,541,543,544,546,749,750,754,755,756,756,756,756,756,758,758,758,758,758,758,758,758,758,758,760,760,760,760,760,760,761,761,761,762,764,767,768,768,769,771,772,772,772,773,774,774,775,778,778,779,780,781,783,783,783,784,784,784,784,784,784,787,787,787,787,787,787,787,787,787,787,787,787,787,787,787,787,788,788,788,788,788,788,788,788,788,788,788,788,788,788,788,788,788,788,788,788,788,788,788,788
,,,,,Shanghai,China,,31,201,999,999,999,900,1,214,491,,9,16,20,33,40,53,66,96,112,135,169,182,203,219,243,257,277,286,293,299,303,311,315,318,326,328,333,333,333,334,334,335,335,335,336,337,337,337,337,337,337,338,338,339,342,342,342,342,344,344,344,346,353,353,355,358,361,363,371,380,404,404,414,433,451,468,485,492,498,509,516,522,526,529,531,536,538,543,552,555,555,607,618,618,622,628,628,628,635,638,638,639,641,641,642,642,644,645,647,652,652,652,655,656,656,657,657,657,659,659,659,660,660,660,665,665,666,666,666,666,666,667,668,668,669,670
,,,,,Shanxi,China,,375,777,1,122,922,,1,1,1,6,9,13,27,27,35,39,47,66,74,81,81,96,104,115,119,119,124,126,126,127,128,129,130,131,131,132,132,132,132,133,133,133,133,133,133,133,133,133,133,133,133,133,133,133,133,133,133,133,133,133,133,133,133,133,133,133,133,134,134,134,135,135,135,136,136,136,137,137,137,137,138,138,138,163,166,168,172,172,173,173,186,194,197,197,197,197,197,197,197,197,197,197,197,197,197,197,197,197,198,198,198,198,198,198,198,198,198,198,198,198,198,198,198,198,198,198,198,198,198,198,198,198
,,,,,Sichuan,China,,306,171,1,027,103,,5,8,15,28,44,69,90,108,142,177,207,231,254,282,301,321,344,364,386,405,417,436,451,463,470,481,495,508,514,520,525,526,526,527,529,531,534,538,538,538,538,538,538,539,539,539,539,539,539,539,539,539,539,539,539,540,540,540,541,542,543,543,545,547,547,548,548,550,550,550,552,554,555,557,558,559,560,560,560,560,560,560,560,560,560,560,560,561,561,561,561,561,561,561,561,561,561,561,561,561,561,561,561,561,561,561,561,561,561,561,561,561,561,561,561,561,561,561,561,561,561,563,563,564,564,564
,,,,,Tianjin,China,,393,054,117,323,,4,4,8,10,14,23,24,27,31,32,41,48,60,67,69,79,81,88,91,95,106,112,119,120,122,124,125,128,130,131,132,135,135,135,135,135,136,136,136,136,136,136,136,136,136,136,136,136,136,136,136,136,136,136,136,136,136,137,137,137,137,141,145,145,151,155,161,166,174,174,176,176,180,180,180,180,180,180,182,183,183,183,184,185,185,186,189,189,189,189,189,189,189,190,190,190,190,190,190,190,190,190,190,190,190,190,190,191,191,191,191,191,191,191,191,192,192,192,192,192,192,192,192,192,192,192
,,,,,Tibet,China,,316,927,880,924,,0,0,0,0,0,0,0,0,1,1,1,1,1,1,1,1,1,1,1,1,1,1,1,1,1,1,1,1,1,1,1,1,1,1,1,1,1,1,1,1,1,1,1,1,1,1,1,1,1,1,1,1,1,1,1,1,1,1,1,1,1,1,1,1,1,1,1,1,1,1,1,1,1,1,1,1,1,1,1,1,1,1,1,1,1,1,1,1,1,1,1,1,1,1,1,1,1,1,1,1,1,1,1,1,1,1,1,1,1,1,1,1,1,1,1,1,1,1,1,1,1,1,1,1,1,1
,,,,,Xinjiang,China,,411,129,852,401,,0,2,2,3,4,5,10,13,14,17,18,21,24,29,32,36,39,42,45,49,55,59,63,65,70,71,75,76,76,76,76,76,76,76,76,76,76,76,76,76,76,76,76,76,76,76,76,76,76,76,76,76,76,76,76,76,76,76,76,76,76,76,76,76,76,76,76,76,76,76,76,76,76,76,76,76,76,76,76,76,76,76,76,76,76,76,76,76,76,76,76,76,76,76,76,76,76,76,76,76,76,76,76,76,76,76,76,76,76,76,76,76,76,76,76,76,76,76,76,76,76,76,76,76,76,76
,,,,,Yunnan,China,,24,974,10,148,700,000,000,000,,1,2,5,11,16,26,44,55,70,83,93,105,117,122,128,133,138,138,141,149,153,154,156,162,168,171,171,172,172,174,174,174,174,174,174,174,174,174,174,174,174,174,174,174,174,174,174,174,174,174,174,174,174,174,176,176,176,176,176,176,176,176,176,176,178,180,180,180,180,182,182,183,184,184,184,184,184,184,184,184,184,184,184,184,184,184,184,184,184,184,184,184,184,185,185,185,185,185,185,185,185,185,185,185,185,185,185,185,185,185,185,185,185,185,185,185,185,185,185,185,185,185,185,185,185,185
,,,,,Zhejiang,China,,291,832,1,200,934,,10,27,43,62,104,128,173,296,428,538,599,661,724,829,895,954,1006,1048,1075,1092,1117,1131,1145,1155,1162,1167,1171,1172,1174,1175,1203,1205,1205,1205,1205,1205,1205,1205,1205,1205,1206,1213,1213,1215,1215,1215,1215,1215,1215,1215,1215,1215,1227,1231,1231,1232,1232,1233,1234,1236,1238,1238,1240,1241,1243,1247,1251,1254,1255,1257,1257,1258,1260,1262,1263,1264,1265,1266,1267,1267,1267,1267,1267,1267,1268,1268,1268,1268,1268,1268,1268,1268,1268,1268,1268,1268,1268,1268,1268,1268,1268,1268,1268,1268,1268,1268,1268,1268,1268,1268,1268,1268,1268,1268,1268,1268,1268,1268,1268,1268,1268,1268,1268,1268,1268,1268
,,,,,Faroe Islands,Denmark,,618,926,-69,118,,0,0,0,0,0,0,0,0,0,0,0,0,0,0,0,0,0,0,0,0,0,0,0,0,0,0,0,0,0,0,0,0,0,0,0,0,0,0,0,0,0,0,1,1,1,1,2,2,2,2,2,3,9,11,18,47,58,72,80,92,115,118,122,132,140,144,155,159,168,169,173,177,179,181,181,183,184,184,184,184,184,184,184,184,184,184,184,184,185,185,185,185,187,187,187,187,187,187,187,187,187,187,187,187,187,187,187,187,187,187,187,187,187,187,187,187,187,187,187,187,187,187,187,187,187,187
,,,,,Greenland,Denmark,,717,069,-426,043,,0,0,0,0,0,0,0,0,0,0,0,0,0,0,0,0,0,0,0,0,0,0,0,0,0,0,0,0,0,0,0,0,0,0,0,0,0,0,0,0,0,0,0,0,0,0,0,0,0,0,0,0,0,0,1,1,1,2,2,2,4,4,5,6,6,10,10,10,10,10,10,10,10,11,11,11,11,11,11,11,11,11,11,11,11,11,11,11,11,11,11,11,11,11,11,11,11,11,11,11,11,11,11,11,11,11,11,11,11,11,11,11,11,11,11,11,11,11,11,11,11,11,11,12,12,12
,,,,,,Denmark,,562,639,95,018,,0,0,0,0,0,0,0,0,0,0,0,0,0,0,0,0,0,0,0,0,0,0,0,0,0,0,0,0,0,0,0,0,0,0,0,0,1,1,3,4,4,6,10,10,23,23,35,90,262,442,615,801,827,864,914,977,1057,1151,1255,1326,1395,1450,1591,1724,1877,2046,2201,2395,2577,2860,3107,3386,3757,4077,4369,4681,5071,5402,5635,5819,5996,6174,6318,6511,6681,6879,7073,7242,7384,7515,7695,7912,8073,8210,8445,8575,8698,8851,9008,9158,9311,9407,9523,9670,9821,9938,10083,10218,10319,10429,10513,10591,10667,10713,10791,10858,10927,10968,11044,11117,11182,11230,11289,11360,11387,11428
,,,,,,Fiji,,-177,134,178,065,,0,0,0,0,0,0,0,0,0,0,0,0,0,0,0,0,0,0,0,0,0,0,0,0,0,0,0,0,0,0,0,0,0,0,0,0,0,0,0,0,0,0,0,0,0,0,0,0,0,0,0,0,0,0,0,0,0,1,1,1,2,3,4,5,5,5,5,5,5,5,5,7,7,12,12,14,15,15,15,16,16,16,16,16,16,17,17,17,17,18,18,18,18,18,18,18,18,18,18,18,18,18,18,18,18,18,18,18,18,18,18,18,18,18,18,18,18,18,18,18,18,18,18,18,18,18
,,,,,,Finland,,64.0,26.0,,0,0,0,0,0,0,0,1,1,1,1,1,1,1,1,1,1,1,1,1,1,1,1,1,1,1,1,1,1,1,1,1,1,1,1,2,2,2,3,6,6,6,6,12,15,15,23,30,40,59,59,155,225,244,277,321,336,400,450,523,626,700,792,880,958,1041,1167,1240,1352,1418,1446,1518,1615,1882,1927,2176,2308,2487,2605,2769,2905,2974,3064,3161,3237,3369,3489,3681,3783,3868,4014,4129,4284,4395,4475,4576,4695,4740,4906,4995,5051,5176,5254,5327,5412,5573,5673,5738,5880,5962,5984,6003,6054,6145,6228,6286,6347,6380,6399,6443,6493,6537,6568,6579,6599,6628
,,,,,French Guiana,France,,39,339,-531,258,,0,0,0,0,0,0,0,0,0,0,0,0,0,0,0,0,0,0,0,0,0,0,0,0,0,0,0,0,0,0,0,0,0,0,0,0,0,0,0,0,0,0,0,0,0,5,5,5,5,5,5,5,5,7,11,11,11,11,15,18,18,20,23,28,28,28,28,28,43,43,51,51,57,61,61,72,72,77,83,83,83,86,86,86,86,86,96,96,96,97,97,97,107,111,111,111,111,125,125,126,128,128,128,133,133,138,138,141,141,144,144,144,153,164,189,197,197,210,218,237,249,261,279,328,353,384
,,,,,French Polynesia,France,,-176,797,1,494,068,,0,0,0,0,0,0,0,0,0,0,0,0,0,0,0,0,0,0,0,0,0,0,0,0,0,0,0,0,0,0,0,0,0,0,0,0,0,0,0,0,0,0,0,0,0,0,0,0,0,0,0,3,3,3,3,3,3,6,11,15,18,18,25,25,30,30,30,30,36,36,37,37,39,40,41,42,47,51,51,51,51,53,55,55,55,55,55,55,55,56,56,57,57,57,57,57,57,58,58,58,58,58,58,58,60,60,60,60,60,60,60,60,60,60,60,60,60,60,60,60,60,60,60,60,60,60
,,,,,Guadeloupe,France,,16.25,-615,833,,0,0,0,0,0,0,0,0,0,0,0,0,0,0,0,0,0,0,0,0,0,0,0,0,0,0,0,0,0,0,0,0,0,0,0,0,0,0,0,0,0,0,0,0,0,0,0,0,0,0,0,1,1,3,6,18,27,33,45,53,58,62,62,73,73,73,102,106,106,114,125,128,130,134,135,135,139,141,141,143,143,143,143,145,145,145,145,148,148,148,148,148,148,149,149,149,149,149,149,151,152,152,152,152,152,152,153,154,154,154,154,155,155,155,155,155,155,155,155,155,155,156,156,161,161,161
,,,,,Mayotte,France,,-128,275,451,662,,0,0,0,0,0,0,0,0,0,0,0,0,0,0,0,0,0,0,0,0,0,0,0,0,0,0,0,0,0,0,0,0,0,0,0,0,0,0,0,0,0,0,0,0,0,0,0,0,0,0,0,0,0,1,1,1,3,3,6,7,11,24,36,36,36,50,63,63,82,94,94,116,128,134,147,147,171,171,184,191,196,196,207,217,217,233,245,254,271,271,311,326,326,354,380,401,401,460,460,539,539,539,650,686,739,739,854,854,988,1023,1023,1095,1143,1210,1210,1312,1342,1370,1370,1475,1475,1521,1521,1587,1609,1634
,,,,,New Caledonia,France,,-209,043,165,618,,0,0,0,0,0,0,0,0,0,0,0,0,0,0,0,0,0,0,0,0,0,0,0,0,0,0,0,0,0,0,0,0,0,0,0,0,0,0,0,0,0,0,0,0,0,0,0,0,0,0,0,0,0,0,0,0,0,2,2,4,4,8,10,14,14,15,15,15,15,16,16,18,18,17,18,18,18,18,18,18,18,18,18,18,18,18,18,18,18,18,18,18,18,18,18,18,18,18,18,18,18,18,18,18,18,18,18,18,18,18,18,18,18,18,18,18,18,18,18,18,18,18,18,18,18,18
,,,,,Reunion,France,,-211,351,552,471,,0,0,0,0,0,0,0,0,0,0,0,0,0,0,0,0,0,0,0,0,0,0,0,0,0,0,0,0,0,0,0,0,0,0,0,0,0,0,0,0,0,0,0,0,0,0,0,0,0,1,1,5,6,7,9,9,12,14,28,45,64,71,94,111,135,145,183,183,224,247,281,308,321,334,344,349,358,358,362,382,388,389,391,391,391,394,402,407,408,408,410,410,412,412,417,417,418,418,420,420,422,423,423,424,424,425,427,426,431,436,436,437,439,440,441,443,443,446,446,447,449,449,452,452,456,459
,,,,,Saint Barthelemy,France,,17.9,-628,333,,0,0,0,0,0,0,0,0,0,0,0,0,0,0,0,0,0,0,0,0,0,0,0,0,0,0,0,0,0,0,0,0,0,0,0,0,0,0,0,0,0,0,3,3,3,3,3,1,1,1,1,1,1,1,3,3,3,3,3,3,3,3,3,3,3,5,5,5,6,6,6,6,6,6,6,6,6,6,6,6,6,6,6,6,6,6,6,6,6,6,6,6,6,6,6,6,6,6,6,6,6,6,6,6,6,6,6,6,6,6,6,6,6,6,6,6,6,6,6,6,6,6,6,6,6,6
,,,,,St Martin,France,,180,708,-630,501,,0,0,0,0,0,0,0,0,0,0,0,0,0,0,0,0,0,0,0,0,0,0,0,0,0,0,0,0,0,0,0,0,0,0,0,0,0,0,0,0,0,0,0,0,0,0,0,2,2,2,2,2,2,2,2,2,3,4,4,4,5,8,8,11,11,11,11,11,15,15,15,22,22,24,32,32,32,32,32,32,32,32,32,32,35,35,35,37,37,37,37,38,38,38,38,38,38,38,38,38,38,38,38,38,38,38,38,38,39,39,39,39,39,39,39,39,39,39,39,40,40,40,40,40,40,40
,,,,,Martinique,France,,146,415,-610,242,,0,0,0,0,0,0,0,0,0,0,0,0,0,0,0,0,0,0,0,0,0,0,0,0,0,0,0,0,0,0,0,0,0,0,0,0,0,0,0,0,0,0,0,0,0,2,2,2,2,3,3,3,9,9,15,16,19,23,32,32,44,53,57,66,66,81,93,93,93,128,135,138,143,145,149,151,152,154,154,155,155,155,157,157,158,158,158,158,163,163,163,164,164,170,175,175,175,175,175,178,179,179,179,181,181,182,183,186,186,186,187,187,189,189,192,192,192,192,192,192,192,197,197,197,197,197
,,,,,,France,,462,276,22,137,,0,0,2,3,3,3,4,5,5,5,6,6,6,6,6,6,6,11,11,11,11,11,11,11,12,12,12,12,12,12,12,12,12,12,14,18,38,57,100,130,191,204,285,377,653,949,1126,1209,1784,2281,2281,3661,4469,4499,6633,7652,9043,10871,12612,14282,16018,19856,22304,25233,29155,32964,37575,40174,44550,52128,56989,59105,64338,68605,70478,74390,78167,82048,86334,90676,93790,120633,124298,129257,132473,144944,146923,146906,151808,154188,156921,154715,157026,158636,160292,160847,164589,167605,165093,165764,165764,166976,167272,167886,168935,172465,173040,174318,174758,175027,175479,176207,175981,176712,177319,177207,177240,177554,178428,179069,179306,179645,179964,179859,180166,179887
,,,,,,Germany,,51.0,9.0,,0,0,0,0,0,1,4,4,4,5,8,10,12,12,12,12,13,13,14,14,16,16,16,16,16,16,16,16,16,16,16,16,16,16,17,27,46,48,79,130,159,196,262,482,670,799,1040,1176,1457,1908,2078,3675,4585,5795,7272,9257,12327,15320,19848,22213,24873,29056,32986,37323,43938,50871,57695,62095,66885,71808,77872,84794,91159,96092,100123,103374,107663,113296,118181,122171,124908,127854,130072,131359,134753,137698,141397,143342,145184,147065,148291,150648,153129,154999,156513,157770,158758,159912,161539,163009,164077,164967,165664,166152,167007,168162,169430,170588,171324,171879,172576,173171,174098,174478,175233,175752,176369,176551,177778,178473,179021,179710,179986,180328,180600,181200
,,,,,,Iceland,,649,631,-190,208,,0,0,0,0,0,0,0,0,0,0,0,0,0,0,0,0,0,0,0,0,0,0,0,0,0,0,0,0,0,0,0,0,0,0,0,0,0,1,1,3,6,11,26,34,43,50,50,58,69,85,103,134,156,171,180,220,250,330,409,473,568,588,648,737,802,890,963,1020,1086,1135,1220,1319,1364,1417,1486,1562,1586,1616,1648,1675,1689,1701,1711,1720,1727,1739,1754,1760,1771,1773,1778,1785,1789,1789,1790,1792,1792,1795,1797,1797,1798,1798,1799,1799,1799,1799,1801,1801,1801,1801,1801,1801,1802,1802,1802,1802,1802,1802,1802,1803,1803,1803,1804,1804,1804,1804
,,,,,,India,,21.0,78.0,,0,0,0,0,0,0,0,0,1,1,1,2,3,3,3,3,3,3,3,3,3,3,3,3,3,3,3,3,3,3,3,3,3,3,3,3,3,3,3,3,5,5,28,30,31,34,39,43,56,62,73,82,102,113,119,142,156,194,244,330,396,499,536,657,727,887,987,1024,1251,1397,1998,2543,2567,3082,3588,4778,5311,5916,6725,7598,8446,9205,10453,11487,12322,13430,14352,15722,17615,18539,20080,21370,23077,24530,26283,27890,29451,31324,33062,34863,37257,39699,42505,46437,49400,52987,56351,59695,62808,67161,70768,74292,78055,81997,85784,90648,95698,100328,106475,112028,118226,124794,131423,138536,144950,150793
,,,,,,Indonesia,,-0.7893,1,139,213,,0,0,0,0,0,0,0,0,0,0,0,0,0,0,0,0,0,0,0,0,0,0,0,0,0,0,0,0,0,0,0,0,0,0,0,0,0,0,0,0,2,2,2,2,4,4,6,19,27,34,34,69,96,117,134,172,227,311,369,450,514,579,686,790,893,1046,1155,1285,1414,1528,1677,1790,1986,2092,2273,2491,2738,2956,3293,3512,3842,4241,4557,4839,5136,5516,5923,6248,6575,6760,7135,7418,7775,8211,8607,8882,9096,9511,9771,10118,10551,10843,11192,11587,12071,12438,12776,13112,13645,14032,14265,14749,15438,16006,16496,17025,17514,18010,18496,19189,20162,20796,21745,22271,22750,23165
,,,,,,Ireland,,531,424,-76,921,,0,0,0,0,0,0,0,0,0,0,0,0,0,0,0,0,0,0,0,0,0,0,0,0,0,0,0,0,0,0,0,0,0,0,0,0,0,0,1,1,1,2,6,6,18,18,19,21,34,43,43,90,129,129,169,223,292,557,683,785,906,1125,1329,1564,1819,2121,2415,2615,2910,3235,3447,3849,4273,4604,4994,5364,5709,6074,6574,8089,8928,9655,10647,11479,12547,13271,13980,14758,15251,15652,16040,16671,17607,18184,18561,19262,19648,19877,20253,20612,20833,21176,21506,21772,21983,22248,22385,22541,22760,22996,23135,23242,23401,23827,23956,24048,24112,24200,24251,24315,24391,24506,24582,24639,24698,24735
,,,,,,Israel,,31.0,35.0,,0,0,0,0,0,0,0,0,0,0,0,0,0,0,0,0,0,0,0,0,0,0,0,0,0,0,0,0,0,0,1,1,1,1,1,2,3,4,7,10,10,12,15,20,37,43,61,61,75,79,100,126,155,213,218,250,304,427,529,712,883,1071,1238,2369,2693,3035,3619,4247,4695,5358,6092,6857,7428,7851,8430,8904,9248,9404,9968,10408,10743,11145,11586,12046,12501,12758,12982,13265,13491,13713,13942,14498,14803,15058,15298,15443,15555,15728,15834,15946,16101,16185,16208,16246,16289,16310,16381,16436,16454,16477,16506,16529,16548,16579,16589,16608,16617,16643,16659,16667,16683,16690,16712,16717,16734,16757
,,,,,,Italy,,43.0,12.0,,0,0,0,0,0,0,0,0,0,2,2,2,2,2,2,2,3,3,3,3,3,3,3,3,3,3,3,3,3,3,20,62,155,229,322,453,655,888,1128,1694,2036,2502,3089,3858,4636,5883,7375,9172,10149,12462,15113,17660,21157,24747,27980,31506,35713,41035,47021,53578,59138,63927,69176,74386,80589,86498,92472,97689,101739,105792,110574,115242,119827,124632,128948,132547,135586,139422,143626,147577,152271,156363,159516,162488,165155,168941,172434,175925,178972,181228,183957,187327,189973,192994,195351,197675,199414,201505,203591,205463,207428,209328,210717,211938,213013,214457,215858,217185,218268,219070,219814,221216,222104,223096,223885,224760,225435,225886,226699,227364,228006,228658,229327,229858,230158,230555
,,,,,,Japan,,36.0,138.0,,2,2,2,2,4,4,7,7,11,15,20,20,20,22,22,22,25,25,26,26,26,28,28,29,43,59,66,74,84,94,105,122,147,159,170,189,214,228,241,256,274,293,331,360,420,461,502,511,581,639,639,701,773,839,839,878,889,924,963,1007,1101,1128,1193,1307,1387,1468,1693,1866,1866,1953,2178,2495,2617,3139,3139,3654,3906,4257,4667,5530,6005,6748,7370,7645,8100,8626,9787,10296,10797,10797,11135,11512,12368,12829,13231,13441,14153,13736,13895,14088,14305,14571,14877,15078,15253,15253,15477,15575,15663,15777,15847,15968,16049,16120,16203,16237,16285,16305,16367,16367,16424,16513,16536,16550,16581,16623
,,,,,,Korea South,,36.0,128.0,,1,1,2,2,3,4,4,4,4,11,12,15,15,16,19,23,24,24,25,27,28,28,28,28,28,29,30,31,31,104,204,433,602,833,977,1261,1766,2337,3150,3736,4335,5186,5621,6088,6593,7041,7314,7478,7513,7755,7869,7979,8086,8162,8236,8320,8413,8565,8652,8799,8961,8961,9037,9137,9241,9332,9478,9583,9661,9786,9887,9976,10062,10156,10237,10284,10331,10384,10423,10450,10480,10512,10537,10564,10591,10613,10635,10653,10661,10674,10683,10694,10708,10718,10728,10738,10752,10761,10765,10774,10780,10793,10801,10804,10806,10810,10822,10840,10874,10909,10936,10962,10991,11018,11037,11050,11065,11078,11110,11122,11142,11165,11190,11206,11225,11265
,,,,,,Luxembourg,,498,153,61,296,,0,0,0,0,0,0,0,0,0,0,0,0,0,0,0,0,0,0,0,0,0,0,0,0,0,0,0,0,0,0,0,0,0,0,0,0,0,0,1,1,1,1,1,1,2,2,3,3,5,7,19,34,51,59,77,140,203,335,484,670,798,875,1099,1333,1453,1605,1831,1950,1988,2178,2319,2487,2612,2729,2804,2843,2970,3034,3115,3223,3270,3281,3292,3307,3373,3444,3480,3537,3550,3558,3618,3654,3665,3695,3711,3723,3729,3741,3769,3784,3802,3812,3824,3828,3840,3851,3859,3871,3877,3886,3888,3894,3904,3915,3923,3930,3945,3947,3958,3971,3980,3981,3990,3992,3993,3995
,,,,,,Malaysia,,2.5,112.5,,0,0,0,3,4,4,4,7,8,8,8,8,8,10,12,12,12,16,16,18,18,18,19,19,22,22,22,22,22,22,22,22,22,22,22,22,23,23,25,29,29,36,50,50,83,93,99,117,129,149,149,197,238,428,566,673,790,900,1030,1183,1306,1518,1624,1796,2031,2161,2320,2470,2626,2766,2908,3116,3333,3483,3662,3793,3963,4119,4228,4346,4530,4683,4817,4987,5072,5182,5251,5305,5389,5425,5482,5532,5603,5691,5742,5780,5820,5851,5945,6002,6071,6176,6298,6353,6383,6428,6467,6535,6589,6656,6726,6742,6779,6819,6855,6872,6894,6941,6978,7009,7059,7137,7185,7245,7417,7604
,,,,,Aruba,Netherlands,,125,186,-700,358,,0,0,0,0,0,0,0,0,0,0,0,0,0,0,0,0,0,0,0,0,0,0,0,0,0,0,0,0,0,0,0,0,0,0,0,0,0,0,0,0,0,0,0,0,0,0,0,0,0,0,0,2,2,2,2,3,4,4,5,5,9,9,12,17,28,33,46,50,50,55,55,60,62,64,64,71,74,77,82,86,92,92,92,92,93,95,96,96,97,97,97,100,100,100,100,100,100,100,100,100,100,100,100,100,101,101,101,101,101,101,101,101,101,101,101,101,101,101,101,101,101,101,101,101,101,101
,,,,,Curacao,Netherlands,,121,696,-68.99,,0,0,0,0,0,0,0,0,0,0,0,0,0,0,0,0,0,0,0,0,0,0,0,0,0,0,0,0,0,0,0,0,0,0,0,0,0,0,0,0,0,0,0,0,0,0,0,0,0,0,0,0,1,1,1,3,3,3,3,3,3,4,6,6,6,8,8,8,11,11,11,11,11,11,11,13,13,14,14,14,14,14,14,14,14,14,14,14,14,14,14,14,14,16,16,16,16,16,16,16,16,16,16,16,16,16,16,16,16,16,16,16,16,16,16,16,16,16,16,16,16,16,17,17,18,18
,,,,,Sint Maarten,Netherlands,,180,425,-630,548,,0,0,0,0,0,0,0,0,0,0,0,0,0,0,0,0,0,0,0,0,0,0,0,0,0,0,0,0,0,0,0,0,0,0,0,0,0,0,0,0,0,0,0,0,0,0,0,0,0,0,0,0,0,0,0,0,0,0,1,1,1,2,2,3,3,3,3,6,6,6,16,18,23,23,25,37,40,40,43,50,50,50,50,52,53,57,57,64,67,67,67,71,73,73,73,74,74,75,75,75,76,76,76,76,76,76,76,76,76,76,76,76,76,76,76,77,77,77,77,77,77,77,77,77,77,77
,,,,,,Netherlands,,521,326,52,913,,0,0,0,0,0,0,0,0,0,0,0,0,0,0,0,0,0,0,0,0,0,0,0,0,0,0,0,0,0,0,0,0,0,0,0,0,1,1,6,10,18,24,38,82,128,188,265,321,382,503,503,804,959,1135,1413,1705,2051,2460,2994,3631,4204,4749,5560,6412,7431,8603,9762,10866,11750,12595,13614,14697,15723,16627,17851,18803,19580,20549,21762,23097,24413,25587,26551,27419,28153,29214,30449,31589,32655,33405,34134,34842,35729,36535,37190,37845,38245,38416,38802,39316,39791,40236,40571,40770,41087,41319,41774,42093,42382,42627,42788,42984,43211,43481,43681,43870,43995,44141,44249,44447,44700,44888,45064,45236,45445,45578
,,,,,,New Zealand,,-409,006,174,886,,0,0,0,0,0,0,0,0,0,0,0,0,0,0,0,0,0,0,0,0,0,0,0,0,0,0,0,0,0,0,0,0,0,0,0,0,0,1,1,1,1,1,3,3,4,5,5,5,5,5,5,5,6,8,8,12,20,28,39,52,102,102,155,205,283,368,451,514,589,647,708,797,868,950,1039,1106,1160,1210,1239,1283,1312,1330,1349,1366,1386,1401,1409,1422,1431,1440,1445,1451,1456,1461,1470,1469,1472,1474,1476,1479,1485,1487,1487,1486,1488,1489,1490,1492,1494,1497,1497,1497,1497,1498,1498,1499,1499,1499,1503,1503,1504,1504,1504,1504,1504,1504
,,,,,,Norway,,60,472,84,689,,0,0,0,0,0,0,0,0,0,0,0,0,0,0,0,0,0,0,0,0,0,0,0,0,0,0,0,0,0,0,0,0,0,0,0,1,1,6,15,19,25,32,56,87,108,147,176,205,400,598,702,996,1090,1221,1333,1463,1550,1746,1914,2118,2385,2621,2863,3084,3369,3755,4015,4284,4445,4641,4863,5147,5370,5550,5687,5865,6086,6086,6211,6314,6409,6525,6603,6623,6740,6896,6937,7036,7078,7156,7191,7338,7401,7463,7499,7527,7599,7660,7710,7738,7783,7809,7847,7904,7955,7996,8034,8070,8099,8105,8132,8157,8175,8196,8219,8237,8249,8257,8267,8281,8309,8332,8346,8352,8364,8383
,,,,,,Portugal,,393,999,-82,245,,0,0,0,0,0,0,0,0,0,0,0,0,0,0,0,0,0,0,0,0,0,0,0,0,0,0,0,0,0,0,0,0,0,0,0,0,0,0,0,0,2,2,5,8,13,20,30,30,41,59,59,112,169,245,331,448,448,785,1020,1280,1600,2060,2362,2995,3544,4268,5170,5962,6408,7443,8251,9034,9886,10524,11278,11730,12442,13141,13956,15472,15987,16585,16934,17448,18091,18841,19022,19685,20206,20863,21379,21982,22353,22797,23392,23864,24027,24322,24505,25045,25351,25190,25282,25524,25702,26182,26715,27268,27406,27581,27679,27913,28132,28319,28583,28810,29036,29209,29432,29660,29912,30200,30471,30623,30788,31007
,,,,,,Spain,,40.0,-4.0,,0,0,0,0,0,0,0,0,0,0,1,1,1,1,1,1,1,1,2,2,2,2,2,2,2,2,2,2,2,2,2,2,2,2,6,13,15,32,45,84,120,165,222,259,400,500,673,1073,1695,2277,2277,5232,6391,7798,9942,11748,13910,17963,20410,25374,28768,35136,39885,49515,57786,65719,73235,80110,87956,95923,104118,112065,119199,126168,131646,136675,141942,148220,153222,158273,163027,166831,170099,172541,177644,184948,190839,191726,198674,200210,204178,208389,213024,202990,205905,207634,209465,210773,212917,213435,215216,216582,217466,218011,219329,220325,221447,222857,223578,224350,227436,228030,228691,229540,230183,230698,230698,231606,232037,232555,233037,234824,235290,235772,235400,236259
,,,,,,Sweden,,63.0,16.0,,0,0,0,0,0,0,0,0,0,1,1,1,1,1,1,1,1,1,1,1,1,1,1,1,1,1,1,1,1,1,1,1,1,1,1,2,7,7,12,14,15,21,35,94,101,161,203,248,355,500,599,814,961,1022,1103,1190,1279,1439,1639,1763,1934,2046,2286,2526,2840,3069,3447,3700,4028,4435,4947,5568,6131,6443,6830,7206,7693,8419,9141,9685,10151,10483,10948,11445,11927,12540,13216,13822,14385,14777,15322,16004,16755,17567,18177,18640,18926,19621,20302,21092,21520,22082,22317,22721,23216,23918,24623,25265,25921,26322,26670,27272,27909,28582,29207,29677,30143,30377,30799,31523,32172,32809,33188,33459,33843,34440
,,,,,,Switzerland,,468,182,82,275,,0,0,0,0,0,0,0,0,0,0,0,0,0,0,0,0,0,0,0,0,0,0,0,0,0,0,0,0,0,0,0,0,0,0,1,1,8,8,18,27,42,56,90,114,214,268,337,374,491,652,652,1139,1359,2200,2200,2700,3028,4075,5294,6575,7474,8795,9877,10897,11811,12928,14076,14829,15922,16605,17768,18827,19606,20505,21100,21657,22253,23280,24051,24551,25107,25415,25688,25936,26336,26732,27078,27404,27740,27944,28063,28268,28496,28677,28894,29061,29164,29264,29407,29586,29705,29817,29905,29981,30009,30060,30126,30207,30251,30305,30344,30380,30413,30463,30514,30572,30587,30597,30618,30658,30694,30707,30725,30736,30746,30761
,,,,,,Taiwan*,,23.7,121.0,,1,1,3,3,4,5,8,8,9,10,10,10,10,11,11,16,16,17,18,18,18,18,18,18,18,20,22,22,23,24,26,26,28,30,31,32,32,34,39,40,41,42,42,44,45,45,45,45,47,48,49,50,53,59,67,77,100,108,135,153,169,195,215,235,252,267,283,298,306,322,329,339,348,355,363,373,376,379,380,382,385,388,393,393,395,395,395,398,420,422,425,426,427,428,429,429,429,429,429,429,429,432,436,438,438,439,440,440,440,440,440,440,440,440,440,440,440,440,440,440,440,441,441,441,441,441
,,,,,,Thailand,,15.0,101.0,,2,3,5,7,8,8,14,14,14,19,19,19,19,25,25,25,25,32,32,32,33,33,33,33,33,34,35,35,35,35,35,35,35,35,37,40,40,41,42,42,43,43,43,47,48,50,50,50,53,59,70,75,82,114,147,177,212,272,322,411,599,721,827,934,1045,1136,1245,1388,1524,1651,1771,1875,1978,2067,2169,2220,2258,2369,2423,2473,2518,2551,2579,2613,2643,2672,2700,2733,2765,2792,2811,2826,2839,2907,2907,2922,2931,2938,2947,2954,2960,2966,2969,2987,2988,2989,2992,3000,3004,3009,3015,3017,3017,3018,3025,3025,3028,3031,3033,3034,3037,3037,3040,3040,3042,3045
,,,,,,Turkey,,389,637,352,433,,0,0,0,0,0,0,0,0,0,0,0,0,0,0,0,0,0,0,0,0,0,0,0,0,0,0,0,0,0,0,0,0,0,0,0,0,0,0,0,0,0,0,0,0,0,0,0,0,0,1,1,5,5,6,18,47,98,192,359,670,1236,1529,1872,2433,3629,5698,7402,9217,10827,13531,15679,18135,20921,23934,27069,30217,34109,38226,42282,47029,52167,56956,61049,65111,69392,74193,78546,82329,86306,90980,95591,98674,101790,104912,107773,110130,112261,114653,117589,120204,122392,124375,126045,127659,129491,131744,133721,135569,137115,138657,139771,141475,143114,144749,146457,148067,149435,150593,151615,152587,153548,154500,155686,156827,157814,158762
,,,,,Bermuda,United Kingdom,,323,078,-647,505,,0,0,0,0,0,0,0,0,0,0,0,0,0,0,0,0,0,0,0,0,0,0,0,0,0,0,0,0,0,0,0,0,0,0,0,0,0,0,0,0,0,0,0,0,0,0,0,0,0,0,0,0,0,0,0,0,0,2,2,2,6,6,6,7,15,17,17,22,27,32,32,35,35,35,37,39,39,39,48,48,48,57,57,57,81,81,83,83,86,86,86,99,99,99,109,109,110,110,111,114,114,114,115,115,115,118,118,118,118,118,119,121,121,122,122,123,123,125,125,125,125,128,128,133,133,139
,,,,,Cayman Islands,United Kingdom,,193,133,-812,546,,0,0,0,0,0,0,0,0,0,0,0,0,0,0,0,0,0,0,0,0,0,0,0,0,0,0,0,0,0,0,0,0,0,0,0,0,0,0,0,0,0,0,0,0,0,0,0,0,0,0,0,1,1,1,1,1,1,3,3,3,3,5,6,8,8,8,8,8,12,14,22,28,28,35,35,39,45,45,45,45,45,53,53,54,54,60,61,61,61,66,66,66,66,70,70,70,70,70,73,73,74,74,74,75,78,78,80,81,81,81,84,85,86,93,94,94,94,94,111,111,121,129,129,129,134,137
,,,,,Channel Islands,United Kingdom,,493,723,-23,644,,0,0,0,0,0,0,0,0,0,0,0,0,0,0,0,0,0,0,0,0,0,0,0,0,0,0,0,0,0,0,0,0,0,0,0,0,0,0,0,0,0,0,0,0,0,0,0,0,1,2,2,2,2,3,6,6,6,11,14,32,32,36,36,46,66,88,97,108,141,141,172,193,232,262,309,323,335,351,361,398,407,431,436,440,447,457,470,484,488,488,496,498,521,523,525,525,525,530,537,537,538,543,544,544,545,545,545,545,545,545,546,547,548,549,549,554,554,555,555,558,558,558,558,558,559,559
,,,,,Gibraltar,United Kingdom,,361,408,-53,536,,0,0,0,0,0,0,0,0,0,0,0,0,0,0,0,0,0,0,0,0,0,0,0,0,0,0,0,0,0,0,0,0,0,0,0,0,0,0,0,0,0,0,1,1,1,1,1,1,1,1,1,1,1,1,1,3,8,10,10,10,15,15,15,26,35,55,56,65,69,69,81,88,95,98,103,109,113,120,123,127,129,129,129,129,131,131,132,132,132,132,132,132,133,133,136,141,141,141,141,144,144,144,144,144,144,144,144,146,146,146,147,148,147,147,147,147,147,147,147,149,151,151,152,154,154,154
,,,,,Isle of Man,United Kingdom,,542,361,-45,481,,0,0,0,0,0,0,0,0,0,0,0,0,0,0,0,0,0,0,0,0,0,0,0,0,0,0,0,0,0,0,0,0,0,0,0,0,0,0,0,0,0,0,0,0,0,0,0,0,0,0,0,0,0,0,0,0,0,0,1,1,5,13,23,23,25,29,32,42,49,60,68,95,114,126,127,139,150,158,190,201,226,228,242,254,256,284,291,297,298,300,307,307,307,308,308,308,308,309,313,315,316,320,321,325,326,327,329,329,329,330,330,331,332,332,334,335,335,335,335,336,336,336,336,336,336,336
,,,,,Montserrat,United Kingdom,,167,425,-621,874,,0,0,0,0,0,0,0,0,0,0,0,0,0,0,0,0,0,0,0,0,0,0,0,0,0,0,0,0,0,0,0,0,0,0,0,0,0,0,0,0,0,0,0,0,0,0,0,0,0,0,0,0,0,0,0,0,1,1,1,1,1,1,1,1,5,5,5,5,5,5,5,5,6,6,6,6,9,9,9,9,9,9,11,11,11,11,11,11,11,11,11,11,11,11,11,11,11,11,11,11,11,11,11,11,11,11,11,11,11,11,11,11,11,11,11,11,11,11,11,11,11,11,11,11,11,11
,,,,,,United Kingdom,,553,781,-34,360,000,000,000,000,,0,0,0,0,0,0,0,0,0,2,2,2,2,2,2,2,3,3,3,8,8,9,9,9,9,9,9,9,9,9,9,9,9,13,13,13,15,20,23,36,40,51,85,115,163,206,273,321,382,456,456,798,1140,1140,1543,1950,2626,2689,3983,5018,5683,6650,8077,9529,11658,14543,17089,19522,22141,25150,29474,33718,38168,41903,47806,51608,55242,60733,65077,73758,78991,84279,88621,93873,98476,103093,108692,114217,120067,124743,129044,133495,138078,143464,148377,152840,157149,161145,165221,171253,177454,182260,186599,190584,194990,201101,206715,211364,215260,219183,223060,226463,229705,233151,236711,240161,243695,246406,248818,248293,250908,254195,257154,259559,261184,265227
,,,,,,Vietnam,,16.0,108.0,,0,2,2,2,2,2,2,2,2,2,6,6,8,8,8,10,10,13,13,14,15,15,16,16,16,16,16,16,16,16,16,16,16,16,16,16,16,16,16,16,16,16,16,16,16,18,30,30,31,38,39,47,53,56,61,66,75,85,91,94,113,123,134,141,153,163,174,188,203,212,218,233,237,240,241,245,249,251,255,257,258,262,265,266,267,268,268,268,268,268,268,268,268,270,270,270,270,270,270,270,270,270,271,271,271,271,288,288,288,288,288,288,288,312,314,318,320,324,324,324,324,324,325,325,326,327
,,,,,,Belize,,131,939,-595,432,,0,0,0,0,0,0,0,0,0,0,0,0,0,0,0,0,0,0,0,0,0,0,0,0,0,0,0,0,0,0,0,0,0,0,0,0,0,0,0,0,0,0,0,0,0,0,0,0,0,0,0,0,0,0,0,0,0,0,0,0,0,1,1,2,2,2,2,2,3,3,3,3,4,4,5,7,7,8,9,10,13,14,18,18,18,18,18,18,18,18,18,18,18,18,18,18,18,18,18,18,18,18,18,18,18,18,18,18,18,18,18,18,18,18,18,18,18,18,18,18,18,18,18,18,18,18
,,,,,,Laos,,19,856,270,000,000,000,102,495,496,,0,0,0,0,0,0,0,0,0,0,0,0,0,0,0,0,0,0,0,0,0,0,0,0,0,0,0,0,0,0,0,0,0,0,0,0,0,0,0,0,0,0,0,0,0,0,0,0,0,0,0,0,0,0,0,0,0,0,0,0,0,0,2,3,6,6,8,8,8,9,10,10,10,10,11,12,14,15,16,16,18,19,19,19,19,19,19,19,19,19,19,19,19,19,19,19,19,19,19,19,19,19,19,19,19,19,19,19,19,19,19,19,19,19,19,19,19,19,19,19,19,19,19,19,19,19
,,,,,,Libya,,263,351,17,228,331,,0,0,0,0,0,0,0,0,0,0,0,0,0,0,0,0,0,0,0,0,0,0,0,0,0,0,0,0,0,0,0,0,0,0,0,0,0,0,0,0,0,0,0,0,0,0,0,0,0,0,0,0,0,0,0,0,0,0,0,0,0,0,1,1,1,1,3,8,8,10,10,11,11,18,18,19,20,21,24,24,24,25,26,35,48,49,49,49,51,51,51,59,60,61,61,61,61,61,61,61,63,63,63,63,63,64,64,64,64,64,64,64,64,64,64,65,65,65,68,69,71,72,75,75,75,77
,,,,,,West Bank and Gaza,,319,522,352,332,,0,0,0,0,0,0,0,0,0,0,0,0,0,0,0,0,0,0,0,0,0,0,0,0,0,0,0,0,0,0,0,0,0,0,0,0,0,0,0,0,0,0,0,4,7,16,16,19,26,30,30,31,35,38,38,39,41,44,47,48,52,59,59,59,84,91,98,109,116,119,134,161,194,217,237,254,261,263,263,267,268,271,273,284,291,294,307,313,319,329,329,335,336,340,342,342,342,343,344,344,353,353,353,362,371,374,375,375,375,375,375,375,375,375,375,376,381,388,391,398,423,423,423,423,423,429
,,,,,,Guinea-Bissau,,118,037,-151,804,,0,0,0,0,0,0,0,0,0,0,0,0,0,0,0,0,0,0,0,0,0,0,0,0,0,0,0,0,0,0,0,0,0,0,0,0,0,0,0,0,0,0,0,0,0,0,0,0,0,0,0,0,0,0,0,0,0,0,0,0,0,0,0,2,2,2,2,2,8,8,9,9,15,18,18,18,33,33,36,36,38,38,38,38,43,43,43,46,50,50,50,50,50,52,52,53,73,73,205,205,257,257,257,413,413,475,564,594,641,726,761,820,836,913,913,969,990,1032,1038,1089,1109,1114,1114,1114,1178,1178
,,,,,,Mali,,17,570,692,-3,996,166,000,000,000,,0,0,0,0,0,0,0,0,0,0,0,0,0,0,0,0,0,0,0,0,0,0,0,0,0,0,0,0,0,0,0,0,0,0,0,0,0,0,0,0,0,0,0,0,0,0,0,0,0,0,0,0,0,0,0,0,0,0,0,0,0,0,0,2,4,11,18,18,25,28,31,36,39,41,45,47,56,59,74,87,87,105,123,144,148,171,171,216,224,246,258,293,309,325,370,389,408,424,482,490,508,544,563,580,612,631,650,668,692,704,712,730,758,779,806,835,860,874,901,931,947,969,1015,1030,1059,1077
,,,,,,Saint Kitts and Nevis,,17,357,822,-62,782,998,,0,0,0,0,0,0,0,0,0,0,0,0,0,0,0,0,0,0,0,0,0,0,0,0,0,0,0,0,0,0,0,0,0,0,0,0,0,0,0,0,0,0,0,0,0,0,0,0,0,0,0,0,0,0,0,0,0,0,0,0,0,0,0,2,2,2,2,2,7,8,8,9,9,9,10,10,11,11,11,12,12,12,12,14,14,14,14,14,14,15,15,15,15,15,15,15,15,15,15,15,15,15,15,15,15,15,15,15,15,15,15,15,15,15,15,15,15,15,15,15,15,15,15,15,15,15
,,,,,Northwest Territories,Canada,,648,255,-1,248,457,,0,0,0,0,0,0,0,0,0,0,0,0,0,0,0,0,0,0,0,0,0,0,0,0,0,0,0,0,0,0,0,0,0,0,0,0,0,0,0,0,0,0,0,0,0,0,0,0,0,0,0,0,0,0,0,0,0,0,0,0,0,0,0,0,1,1,1,1,1,1,2,2,2,4,4,5,5,5,5,5,5,5,5,5,5,5,5,5,5,5,5,5,5,5,5,5,5,5,5,5,5,5,5,5,5,5,5,5,5,5,5,5,5,5,5,5,5,5,5,5,5,5,5,5,5,5
,,,,,Yukon,Canada,,642,823,-135.0,,0,0,0,0,0,0,0,0,0,0,0,0,0,0,0,0,0,0,0,0,0,0,0,0,0,0,0,0,0,0,0,0,0,0,0,0,0,0,0,0,0,0,0,0,0,0,0,0,0,0,0,0,0,0,0,0,0,0,0,0,0,0,0,0,3,3,4,4,4,5,5,6,6,6,6,6,7,7,7,8,8,8,8,8,8,8,8,9,9,11,11,11,11,11,11,11,11,11,11,11,11,11,11,11,11,11,11,11,11,11,11,11,11,11,11,11,11,11,11,11,11,11,11,11,11,11
,,,,,,Kosovo,,42,602,636,20,902,977,,0,0,0,0,0,0,0,0,0,0,0,0,0,0,0,0,0,0,0,0,0,0,0,0,0,0,0,0,0,0,0,0,0,0,0,0,0,0,0,0,0,0,0,0,0,0,0,0,0,0,0,0,0,0,0,0,0,0,0,0,0,0,0,0,71,86,91,94,94,112,125,125,126,135,145,145,170,184,184,250,283,283,283,387,387,449,480,510,561,598,604,630,669,703,731,763,780,790,799,806,806,823,851,855,856,856,861,861,862,870,884,919,919,944,944,944,955,955,989,989,1003,1004,1025,1032,1038,1038
,,,,,,Burma,,219,162,95,956,,0,0,0,0,0,0,0,0,0,0,0,0,0,0,0,0,0,0,0,0,0,0,0,0,0,0,0,0,0,0,0,0,0,0,0,0,0,0,0,0,0,0,0,0,0,0,0,0,0,0,0,0,0,0,0,0,0,0,0,0,0,0,0,0,0,8,8,10,14,15,15,20,20,21,21,22,22,22,23,27,38,41,62,63,74,85,88,98,111,119,121,123,139,144,146,146,146,150,150,151,151,151,155,161,161,161,176,177,178,180,180,180,181,181,182,182,184,191,193,199,199,199,201,201,203,206
,,,,,Anguilla,United Kingdom,,182,206,-630,686,,0,0,0,0,0,0,0,0,0,0,0,0,0,0,0,0,0,0,0,0,0,0,0,0,0,0,0,0,0,0,0,0,0,0,0,0,0,0,0,0,0,0,0,0,0,0,0,0,0,0,0,0,0,0,0,0,0,0,0,0,0,0,0,0,0,0,2,2,2,2,2,3,3,3,3,3,3,3,3,3,3,3,3,3,3,3,3,3,3,3,3,3,3,3,3,3,3,3,3,3,3,3,3,3,3,3,3,3,3,3,3,3,3,3,3,3,3,3,3,3,3,3,3,3,3,3
,,,,,British Virgin Islands,United Kingdom,,184,207,-64.64,,0,0,0,0,0,0,0,0,0,0,0,0,0,0,0,0,0,0,0,0,0,0,0,0,0,0,0,0,0,0,0,0,0,0,0,0,0,0,0,0,0,0,0,0,0,0,0,0,0,0,0,0,0,0,0,0,0,0,0,0,0,0,0,0,0,0,2,2,2,3,3,3,3,3,3,3,3,3,3,3,3,3,3,3,3,3,4,4,4,5,5,5,5,5,6,6,6,6,6,6,6,6,6,6,6,7,7,7,7,7,7,7,7,7,8,8,8,8,8,8,8,8,8,8,8,8
,,,,,Turks and Caicos Islands,United Kingdom,,2,169,400,000,000,000,-717,979,,0,0,0,0,0,0,0,0,0,0,0,0,0,0,0,0,0,0,0,0,0,0,0,0,0,0,0,0,0,0,0,0,0,0,0,0,0,0,0,0,0,0,0,0,0,0,0,0,0,0,0,0,0,0,0,0,0,0,0,0,0,0,0,0,0,0,4,4,5,5,6,5,5,5,5,8,8,8,8,8,8,9,10,10,10,11,11,11,11,11,11,11,11,11,11,11,12,12,12,12,12,12,12,12,12,12,12,12,12,12,12,12,12,12,12,12,12,12,12,12,12,12,12,12,12,12
